polled_at,recorded_at,bus_id,direction,lat,lon,stop_id,stop_name,distance_m,stops_away,expected_arrival,presentable_distance
2026-10-07 19:15:59.009456,2026-10-07T19:15:38.736-04:00,MTABC_9245,1,40.756829,-73.907331,MTA_550597,54 ST/31 AV,10.95,0,2026-10-07T19:15:59.935-04:00,at stop
2026-10-07 19:15:59.009456,2026-10-07T19:15:48.510-04:00,MTABC_9207,0,40.729242,-73.900229,MTA_550573,65 PL/53 DR,40.7,0,2026-10-07T19:15:59.935-04:00,approaching
2026-10-07 19:15:59.009456,2026-10-07T19:15:47.000-04:00,MTABC_7445,0,40.761398,-73.909608,MTA_550536,30 AV/47 ST,40.95,0,2026-10-07T19:15:59.714-04:00,approaching
2026-10-07 19:15:59.009456,2026-10-07T19:15:26.000-04:00,MTABC_7474,0,40.753743,-73.907827,MTA_550543,BROADWAY/NORTHERN BLVD,51.38,0,2026-10-07T19:15:59.935-04:00,approaching
2026-10-07 19:15:59.009456,2026-10-07T19:15:50.000-04:00,MTABC_7442,1,40.772539,-73.932782,MTA_552988,8 ST/ASTORIA BLVD,54.42,0,2026-10-07T19:16:07.157-04:00,approaching
2026-10-07 19:15:59.009456,2026-10-07T19:15:54.737-04:00,MTABC_9266,1,40.775311,-73.935158,MTA_505535,1 ST/27 AV,107.91,0,2026-10-07T19:16:18.255-04:00,approaching
2026-10-07 19:15:59.009456,2026-10-07T19:15:50.461-04:00,MTABC_9304,0,40.767494,-73.922609,MTA_550527,30 AV/31 ST,135.67,0,2026-10-07T19:16:34.701-04:00,approaching
2026-10-07 19:15:59.009456,2026-10-07T19:15:32.000-04:00,MTABC_7439,0,40.725326,-73.896468,MTA_982162,69 ST/GRAND AV,163.15,0,2026-10-07T19:16:20.048-04:00,< 1 stop away
2026-10-07 19:15:59.009456,2026-10-07T19:15:37.591-04:00,MTABC_9229,0,40.730639,-73.900174,MTA_550573,65 PL/53 DR,196.1,0,2026-10-07T19:16:21.462-04:00,< 1 stop away
2026-10-07 19:15:59.009456,2026-10-07T19:15:32.000-04:00,MTABC_7158,0,40.731449,-73.897707,MTA_550572,65 PL/53 AV,222.15,0,2026-10-07T19:16:34.209-04:00,< 1 stop away
2026-10-07 19:16:59.447311,2026-10-07T19:16:42.000-04:00,MTABC_7442,1,40.773755,-73.932096,MTA_552989,8 ST/27 AV,47.86,0,2026-10-07T19:17:00.404-04:00,approaching
2026-10-07 19:16:59.447311,2026-10-07T19:16:54.000-04:00,MTABC_7439,0,40.725861,-73.895513,MTA_982162,69 ST/GRAND AV,63.03,0,2026-10-07T19:17:14.059-04:00,approaching
2026-10-07 19:16:59.447311,2026-10-07T19:16:54.737-04:00,MTABC_9266,1,40.775323,-73.935195,MTA_505535,1 ST/27 AV,104.54,0,2026-10-07T19:17:17.520-04:00,approaching
2026-10-07 19:16:59.447311,2026-10-07T19:16:38.735-04:00,MTABC_9245,1,40.757815,-73.907476,MTA_550540,HOBART ST/30 AV,239.39,0,2026-10-07T19:17:40.627-04:00,< 1 stop away
2026-10-07 19:16:59.447311,2026-10-07T19:16:40.000-04:00,MTABC_7445,0,40.760984,-73.908715,MTA_550539,HOBART ST/30 AV,256.62,0,2026-10-07T19:17:54.480-04:00,< 1 stop away
2026-10-07 19:16:59.447311,2026-10-07T19:16:54.000-04:00,MTABC_7474,0,40.753492,-73.907268,MTA_550547,BROADWAY/57 ST,295.39,0,2026-10-07T19:19:01.534-04:00,< 1 stop away
2026-10-07 19:16:59.447311,2026-10-07T19:16:50.460-04:00,MTABC_9304,0,40.766766,-73.921068,MTA_550530,30 AV/35 ST,304.19,0,2026-10-07T19:19:41.297-04:00,< 1 stop away
2026-10-07 19:16:59.447311,2026-10-07T19:16:56.000-04:00,MTABC_7158,0,40.727992,-73.900308,MTA_551951,QUEENS MIDTOWN EXPWY/HAMILTON PL,362.55,0,2026-10-07T19:18:15.030-04:00,< 1 stop away
2026-10-07 19:16:59.447311,2026-10-07T19:16:48.510-04:00,MTABC_9207,0,40.728435,-73.900284,MTA_551951,QUEENS MIDTOWN EXPWY/HAMILTON PL,411.78,0,2026-10-07T19:18:18.273-04:00,< 1 stop away
2026-10-07 19:16:59.447311,2026-10-07T19:16:37.591-04:00,MTABC_9229,0,40.728756,-73.900267,MTA_551951,QUEENS MIDTOWN EXPWY/HAMILTON PL,447.59,0,2026-10-07T19:18:15.159-04:00,< 1 stop away
2026-10-07 19:17:59.801439,2026-10-07T19:17:52.000-04:00,MTABC_7474,0,40.753507,-73.907303,MTA_550543,BROADWAY/NORTHERN BLVD,0.0,0,2026-10-07T19:18:00.794-04:00,at stop
2026-10-07 19:17:59.801439,2026-10-07T19:17:48.000-04:00,MTABC_7439,0,40.726339,-73.89541,MTA_982162,69 ST/GRAND AV,3.71,0,2026-10-07T19:18:00.794-04:00,at stop
2026-10-07 19:17:59.801439,2026-10-07T19:17:51.000-04:00,MTABC_7158,0,40.7254,-73.898961,MTA_551951,QUEENS MIDTOWN EXPWY/HAMILTON PL,8.95,0,2026-10-07T19:18:00.794-04:00,at stop
2026-10-07 19:17:59.801439,2026-10-07T19:17:38.736-04:00,MTABC_9245,1,40.759655,-73.906435,MTA_550540,HOBART ST/30 AV,14.73,0,2026-10-07T19:18:00.794-04:00,at stop
2026-10-07 19:17:59.801439,2026-10-07T19:17:48.510-04:00,MTABC_9207,0,40.725445,-73.899436,MTA_551951,QUEENS MIDTOWN EXPWY/HAMILTON PL,49.23,0,2026-10-07T19:18:00.794-04:00,approaching
2026-10-07 19:17:59.801439,2026-10-07T19:17:38.000-04:00,MTABC_7442,1,40.774448,-73.932477,MTA_552985,27 AV/4 ST,73.34,0,2026-10-07T19:18:00.818-04:00,approaching
2026-10-07 19:17:59.801439,2026-10-07T19:17:35.000-04:00,MTABC_7445,0,40.760204,-73.907042,MTA_550539,HOBART ST/30 AV,91.17,0,2026-10-07T19:18:01.460-04:00,approaching
2026-10-07 19:17:59.801439,2026-10-07T19:17:54.737-04:00,MTABC_9266,1,40.775311,-73.935158,MTA_505535,1 ST/27 AV,107.91,0,2026-10-07T19:18:18.255-04:00,approaching
2026-10-07 19:17:59.801439,2026-10-07T19:17:37.592-04:00,MTABC_9229,0,40.72617,-73.900089,MTA_551951,QUEENS MIDTOWN EXPWY/HAMILTON PL,147.7,0,2026-10-07T19:18:09.789-04:00,approaching
2026-10-07 19:17:59.801439,2026-10-07T19:17:50.461-04:00,MTABC_9304,0,40.766118,-73.919655,MTA_550530,30 AV/35 ST,165.13,0,2026-10-07T19:19:23.201-04:00,< 1 stop away
2026-10-07 19:42:06.307486,2026-10-07T19:41:54.737-04:00,MTABC_9266,0,40.775223,-73.934886,MTA_553050,27 AV/2 ST,0.0,0,2026-10-07T20:10:00.000-04:00,at stop
2026-10-07 19:42:06.307486,2026-10-07T19:41:48.510-04:00,MTABC_9207,1,40.726496,-73.895417,MTA_550579,69 ST/GRAND AV,0.0,0,2026-10-07T20:00:00.000-04:00,at stop
2026-10-07 19:42:06.307486,2026-10-07T19:41:39.000-04:00,MTABC_7439,1,40.745506,-73.905855,MTA_550551,58 ST/WOODSIDE AV,69.34,0,2026-10-07T19:42:16.336-04:00,approaching
2026-10-07 19:42:06.307486,2026-10-07T19:41:35.000-04:00,MTABC_7474,0,40.731406,-73.898789,MTA_550572,65 PL/53 AV,130.91,0,2026-10-07T19:42:11.659-04:00,approaching
2026-10-07 19:42:06.307486,2026-10-07T19:41:50.460-04:00,MTABC_9304,0,40.74306,-73.89919,MTA_550556,65 PL/QUEENS BLVD,196.53,0,2026-10-07T19:42:46.324-04:00,< 1 stop away
2026-10-07 19:42:06.307486,2026-10-07T19:41:58.000-04:00,MTABC_7442,0,40.760856,-73.908443,MTA_550539,HOBART ST/30 AV,229.61,0,2026-10-07T19:43:10.986-04:00,< 1 stop away
2026-10-07 19:42:06.307486,2026-10-07T19:42:02.000-04:00,MTABC_7158,1,40.744228,-73.901262,MTA_550592,WOODSIDE AV/61 ST,252.76,0,2026-10-07T19:43:01.662-04:00,< 1 stop away
2026-10-07 19:42:06.307486,2026-10-07T19:41:44.000-04:00,MTABC_7445,0,40.734027,-73.895999,MTA_550568,69 ST/53 AV,261.46,0,2026-10-07T19:42:54.488-04:00,< 1 stop away
2026-10-07 19:43:06.817681,2026-10-07T19:42:54.740-04:00,MTABC_9266,0,40.775223,-73.934886,MTA_553050,27 AV/2 ST,0.0,0,2026-10-07T20:10:00.000-04:00,at stop
2026-10-07 19:43:06.817681,2026-10-07T19:42:48.510-04:00,MTABC_9207,1,40.726496,-73.895417,MTA_550579,69 ST/GRAND AV,0.0,0,2026-10-07T20:00:00.000-04:00,at stop
2026-10-07 19:43:06.817681,2026-10-07T19:42:57.000-04:00,MTABC_7158,1,40.745029,-73.904009,MTA_550592,WOODSIDE AV/61 ST,4.6,0,2026-10-07T19:43:07.698-04:00,at stop
2026-10-07 19:43:06.817681,2026-10-07T19:43:01.000-04:00,MTABC_7474,0,40.729209,-73.900232,MTA_550573,65 PL/53 DR,37.0,0,2026-10-07T19:43:09.499-04:00,approaching
2026-10-07 19:43:06.817681,2026-10-07T19:42:38.735-04:00,MTABC_9245,0,40.774609,-73.932968,MTA_550519,8 ST/27 AV,124.3,0,2026-10-07T19:43:07.698-04:00,approaching
2026-10-07 19:43:06.817681,2026-10-07T19:42:50.460-04:00,MTABC_9304,0,40.740475,-73.899691,MTA_550559,65 PL/48 AV,207.55,0,2026-10-07T19:44:09.457-04:00,< 1 stop away
2026-10-07 19:43:06.817681,2026-10-07T19:43:01.000-04:00,MTABC_7439,1,40.746062,-73.906205,MTA_550593,58 ST/38 AV,265.47,0,2026-10-07T19:44:19.399-04:00,< 1 stop away
2026-10-07 19:43:06.817681,2026-10-07T19:43:05.000-04:00,MTABC_7445,0,40.731574,-73.895794,MTA_550572,65 PL/53 AV,388.76,0,2026-10-07T19:44:53.867-04:00,< 1 stop away
2026-10-07 19:43:06.817681,2026-10-07T19:42:55.000-04:00,MTABC_7442,0,40.759609,-73.906458,MTA_550542,51 ST/32 AV,494.64,0,2026-10-07T19:45:03.540-04:00,< 1 stop away
