2026-06-14 16:11:56.878446,MTABC_9229,30 AV/STEINWAY ST,at stop
2026-06-14 16:11:56.878473,MTABC_9287,QUEENS MIDTOWN EXPWY/HAMILTON PL,approaching
2026-06-14 16:11:56.878482,MTABC_9194,WOODSIDE AV/65 PL,< 1 stop away
2026-06-14 16:11:56.878488,MTABC_9205,WOODSIDE AV/60 ST,< 1 stop away
2026-06-14 16:11:56.878494,MTABC_9237,30 AV/31 ST,< 1 stop away
2026-06-16 12:44:23.777294,MTABC_7449,WOODSIDE AV/61 ST,at stop
2026-06-16 12:44:23.777413,MTABC_7455,69 ST/GRAND AV,at stop
2026-06-16 12:44:23.777444,MTABC_9197,30 AV/STEINWAY ST,approaching
2026-06-16 12:44:23.777467,MTABC_9239,30 AV/CRESCENT ST,approaching
2026-06-16 12:44:23.777490,MTABC_9247,30 AV/14 ST,< 1 stop away
2026-06-16 12:49:01.546541,MTABC_7455,69 ST/GRAND AV,at stop
2026-06-16 12:49:01.546655,MTABC_9197,30 AV/47 ST,approaching
2026-06-16 12:49:01.546686,MTABC_9247,30 AV/27 ST,approaching
2026-06-16 12:49:01.546710,MTABC_7449,58 ST/BROADWAY,< 1 stop away
2026-06-16 12:58:30.483223,MTABC_7449,30 AV/STEINWAY ST,at stop
2026-06-16 12:58:30.483335,MTABC_9247,30 AV/STEINWAY ST,approaching
2026-06-16 12:58:30.483370,MTABC_7455,50 AV/67 ST,approaching
2026-06-16 12:58:30.483395,MTABC_9197,58 ST/39 AV,< 1 stop away
2026-06-16 13:01:47.228894,MTABC_9197,58 ST/WOODSIDE AV,at stop
2026-06-16 13:01:47.229006,MTABC_7455,65 PL/QUEENS BLVD,approaching
2026-06-16 13:01:47.229037,MTABC_9247,30 AV/47 ST,< 1 stop away
2026-06-16 13:01:47.229062,MTABC_7449,30 AV/31 ST,< 1 stop away
2026-06-16 13:02:37.470335,MTABC_9197,58 ST/WOODSIDE AV,at stop
2026-06-16 13:02:37.470446,MTABC_9247,30 AV/47 ST,approaching
2026-06-16 13:02:37.470478,MTABC_7455,65 PL/QUEENS BLVD,approaching
2026-06-16 13:02:37.470502,MTABC_7449,30 AV/31 ST,approaching
2026-06-16 13:03:37.839262,MTABC_7449,30 AV/31 ST,approaching
2026-06-16 13:03:37.839312,MTABC_9247,HOBART ST/30 AV,< 1 stop away
2026-06-16 13:03:37.839329,MTABC_7455,WOODSIDE AV/65 PL,< 1 stop away
2026-06-16 13:03:37.839343,MTABC_9197,WOODSIDE AV/60 ST,< 1 stop away
2026-06-16 13:04:38.220668,MTABC_7449,30 AV/31 ST,at stop
2026-06-16 13:04:38.220723,MTABC_9197,WOODSIDE AV/60 ST,< 1 stop away
2026-06-16 13:04:38.220752,MTABC_9239,30 AV/14 ST,< 1 stop away
2026-06-16 13:04:38.220776,MTABC_7455,WOODSIDE AV/61 ST,< 1 stop away
2026-06-16 13:04:38.220799,MTABC_9247,51 ST/32 AV,< 1 stop away
2026-06-16 13:05:38.612656,MTABC_9197,WOODSIDE AV/60 ST,at stop
2026-06-16 13:05:38.612712,MTABC_7455,WOODSIDE AV/61 ST,approaching
2026-06-16 13:05:38.612741,MTABC_9239,30 AV/21 ST,approaching
2026-06-16 13:05:38.612767,MTABC_7449,30 AV/CRESCENT ST,< 1 stop away
2026-06-16 13:05:38.612791,MTABC_9247,51 ST/32 AV,< 1 stop away
2026-06-16 13:06:38.935553,MTABC_9247,51 ST/32 AV,at stop
2026-06-16 13:06:38.935611,MTABC_7455,WOODSIDE AV/61 ST,at stop
2026-06-16 13:06:38.935639,MTABC_9197,WOODSIDE AV/60 ST,at stop
2026-06-16 13:06:38.935664,MTABC_7449,30 AV/21 ST,approaching
2026-06-16 13:06:38.935688,MTABC_9239,30 AV/27 ST,< 1 stop away
2026-10-07 14:14:34.927257,MTABC_9292,1 ST/27 AV,approaching
2026-10-07 14:14:34.927353,MTABC_9249,50 AV/67 ST,< 1 stop away
2026-10-07 14:14:34.927376,MTABC_9230,58 ST/WOODSIDE AV,< 1 stop away
2026-10-07 14:14:34.927394,MTABC_9206,30 AV/21 ST,< 1 stop away
2026-10-07 14:14:34.927409,MTABC_9245,58 ST/BROADWAY,< 1 stop away
2026-10-07 14:14:34.927422,MTABC_7380,30 AV/47 ST,< 1 stop away
2026-10-07 14:15:35.175374,MTABC_9206,30 AV/21 ST,at stop
2026-10-07 14:15:35.175481,MTABC_9230,58 ST/WOODSIDE AV,at stop
2026-10-07 14:15:35.175506,MTABC_9292,1 ST/27 AV,approaching
2026-10-07 14:15:35.175523,MTABC_7380,30 AV/47 ST,< 1 stop away
2026-10-07 14:15:35.175633,MTABC_9245,54 ST/NORTHERN BLVD,< 1 stop away
2026-10-07 14:15:35.175666,MTABC_9249,65 PL/48 AV,< 1 stop away
2026-10-07 14:16:35.445748,MTABC_9245,54 ST/NORTHERN BLVD,approaching
2026-10-07 14:16:35.445947,MTABC_9206,30 AV/12 ST,approaching
2026-10-07 19:10:58.840934,MTABC_7439,65 PL/53 AV,at stop
2026-10-07 19:10:58.840955,MTABC_9207,69 ST/MAURICE AV,approaching
2026-10-07 19:10:58.840962,MTABC_7442,30 AV/CRESCENT ST,approaching
2026-10-07 19:10:58.840967,MTABC_7158,50 AV/67 ST,approaching
2026-10-07 19:10:58.840972,MTABC_9266,1 ST/27 AV,approaching
2026-10-07 19:10:58.840976,MTABC_7445,30 AV/STEINWAY ST,< 1 stop away
2026-10-07 19:10:58.840980,MTABC_9304,30 AV/14 ST,< 1 stop away
2026-10-07 19:10:58.840984,MTABC_9245,58 ST/BROADWAY,< 1 stop away
2026-10-07 19:10:58.840989,MTABC_9229,69 ST/MAURICE AV,< 1 stop away
2026-10-07 19:10:58.840993,MTABC_7474,HOBART ST/30 AV,< 1 stop away
2026-10-07 19:11:59.126637,MTABC_9245,58 ST/BROADWAY,at stop
2026-10-07 19:11:59.126731,MTABC_7474,HOBART ST/30 AV,approaching
2026-10-07 19:11:59.126766,MTABC_7439,65 PL/53 DR,approaching
2026-10-07 19:11:59.126791,MTABC_9229,69 ST/MAURICE AV,approaching
2026-10-07 19:11:59.126816,MTABC_7445,30 AV/STEINWAY ST,approaching
2026-10-07 19:11:59.126839,MTABC_7442,30 AV/21 ST,approaching
2026-10-07 19:11:59.126861,MTABC_9304,30 AV/21 ST,approaching
2026-10-07 19:11:59.126882,MTABC_9266,1 ST/27 AV,approaching
2026-10-07 19:11:59.126903,MTABC_7158,69 ST/MAURICE AV,< 1 stop away
2026-10-07 19:11:59.126926,MTABC_9207,69 ST/53 AV,< 1 stop away
2026-10-07 19:12:59.398678,MTABC_7445,30 AV/STEINWAY ST,at stop
2026-10-07 19:12:59.398753,MTABC_7158,69 ST/MAURICE AV,approaching
2026-10-07 19:12:59.398772,MTABC_9304,30 AV/21 ST,approaching
2026-10-07 19:12:59.398800,MTABC_7442,30 AV/21 ST,approaching
2026-10-07 19:12:59.398814,MTABC_9266,1 ST/27 AV,approaching
2026-10-07 19:12:59.398828,MTABC_9245,54 ST/NORTHERN BLVD,< 1 stop away
2026-10-07 19:12:59.398842,MTABC_9229,69 ST/53 AV,< 1 stop away
2026-10-07 19:12:59.398856,MTABC_7474,51 ST/32 AV,< 1 stop away
2026-10-07 19:12:59.398869,MTABC_7439,QUEENS MIDTOWN EXPWY/HAMILTON PL,< 1 stop away
2026-10-07 19:12:59.398883,MTABC_9207,65 PL/53 AV,< 1 stop away
2026-10-07 19:13:59.722067,MTABC_7439,QUEENS MIDTOWN EXPWY/HAMILTON PL,at stop
2026-10-07 19:13:59.722762,MTABC_7474,51 ST/32 AV,at stop
2026-10-07 19:13:59.722778,MTABC_9245,54 ST/NORTHERN BLVD,approaching
2026-10-07 19:13:59.722788,MTABC_9304,30 AV/27 ST,approaching
2026-10-07 19:13:59.722798,MTABC_9266,1 ST/27 AV,approaching
2026-10-07 19:13:59.722806,MTABC_7442,30 AV/12 ST,< 1 stop away
2026-10-07 19:13:59.722815,MTABC_9207,65 PL/53 AV,< 1 stop away
2026-10-07 19:13:59.722824,MTABC_7445,30 AV/43 ST,< 1 stop away
2026-10-07 19:13:59.722832,MTABC_7158,69 ST/53 AV,< 1 stop away
2026-10-07 19:13:59.722841,MTABC_9229,65 PL/53 AV,< 1 stop away
2026-10-07 19:15:00.101852,MTABC_9207,65 PL/53 AV,at stop
2026-10-07 19:15:00.101893,MTABC_7158,69 ST/53 AV,approaching
2026-10-07 19:15:00.101907,MTABC_9266,1 ST/27 AV,approaching
2026-10-07 19:15:00.101916,MTABC_9229,65 PL/53 AV,approaching
2026-10-07 19:15:00.101923,MTABC_7442,8 ST/ASTORIA BLVD,< 1 stop away
2026-10-07 19:15:00.101930,MTABC_7439,69 ST/GRAND AV,< 1 stop away
2026-10-07 19:15:00.101937,MTABC_9304,30 AV/31 ST,< 1 stop away
2026-10-07 19:15:00.101944,MTABC_9245,54 ST/31 AV,< 1 stop away
2026-10-07 19:15:00.101951,MTABC_7445,30 AV/47 ST,< 1 stop away
2026-10-07 19:15:00.101958,MTABC_7474,BROADWAY/NORTHERN BLVD,< 1 stop away
